"supp","dose","n","mean_len","sd_len"
"OJ",0.5,10,13.23,4.45970851065403
"OJ",1,10,22.7,3.91095327964367
"OJ",2,10,26.06,2.65505806590615
"VC",0.5,10,7.98,2.74663430401646
"VC",1,10,16.77,2.51530868439199
"VC",2,10,26.14,4.79773094516796
